longitude,latitude,ObsEasting,ObsNorthing,ObsUpwarding,CalcEasting,CalcNorthing,CalcUpwarding
(deg),(deg),(m),(m),(m),(m),(m),(m)
     136.851128,      34.465387,       0.027400,       0.004500,      -0.016600,       0.087966,       0.019083,      -0.016243
     130.299482,      31.264591,      -0.025700,       0.007400,       0.054000,       0.020044,       0.003449,      -0.002801
     143.224179,      44.433686,       0.021700,      -0.000100,      -0.004100,       0.014903,      -0.013560,      -0.029642
     141.290333,      42.971378,       0.014200,      -0.035400,       0.002000,       0.079236,      -0.091561,      -0.027379
     141.293687,      40.291148,       0.473600,      -0.506600,       0.001900,       1.113269,      -0.765103,      -0.149282
     141.756312,      44.397951,      -0.019200,      -0.015500,       0.002500,       0.030977,      -0.035277,      -0.022250
     136.198364,      34.060657,       0.043100,       0.029900,       0.021500,       0.067573,       0.014394,      -0.012950
     140.366086,      38.331027,       1.764500,      -0.381400,      -0.040500,       2.017055,      -0.504896,      -0.196077
     131.087534,      31.258533,       0.022700,       0.012500,       0.031500,       0.020384,       0.003686,      -0.003627
     136.920558,      36.401879,       0.135000,       0.021900,       0.016700,       0.233449,       0.013167,       0.002877
     138.552713,      36.507995,       0.257500,       0.053600,       0.032800,       0.447231,       0.022430,      -0.025212
     140.559778,      39.327002,       1.173100,      -0.631100,       0.028400,       1.623476,      -0.666932,      -0.068788
     140.883342,      42.857889,       0.025700,      -0.058700,      -0.015400,       0.097412,      -0.107354,      -0.021238
     141.461945,      40.048600,       0.684900,      -0.655600,      -0.020900,       1.583026,      -0.998956,      -0.280792
     144.675842,      43.915690,       0.001100,       0.005000,      -0.036200,       0.002982,       0.002110,      -0.036733
     127.768922,      26.144813,       0.005600,       0.014300,      -0.003000,       0.006014,       0.001013,      -0.002818
     135.500974,      34.837998,       0.044900,       0.035400,      -0.053400,       0.091380,       0.014284,      -0.005097
     136.863181,      35.866941,       0.088300,       0.025500,      -0.035900,       0.185452,       0.020633,      -0.004093
     136.085901,      33.875135,       0.027900,       0.020500,       0.007800,       0.061030,       0.013159,      -0.012879
     134.767301,      34.984685,       0.053400,      -0.002300,       0.021800,       0.086969,       0.011242,      -0.001542
     140.954184,      38.317487,       3.011900,      -0.765400,      -0.282000,       3.111121,      -0.903943,      -0.651411
     136.919268,      37.850496,       0.215400,      -0.017700,       0.019300,       0.325996,      -0.034836,       0.024477
     139.330387,      36.421628,       0.342500,       0.082700,      -0.008600,       0.647488,       0.020404,      -0.094182
     139.907717,      39.206062,       0.882700,      -0.355300,       0.065500,       1.162187,      -0.429171,       0.009537
     140.603519,      42.802718,       0.038800,      -0.057000,      -0.032300,       0.108414,      -0.114968,      -0.016718
     135.599204,      33.505618,       0.026100,       0.010600,      -0.068300,       0.050092,       0.010676,      -0.011258
     131.562788,      34.283736,       0.028200,       0.011500,       0.007500,       0.047064,       0.004893,       0.000801
     133.805025,      33.654153,       0.020200,       0.022900,      -0.002700,       0.048644,       0.008310,      -0.004415
     141.225065,      39.980574,       0.724100,      -0.666500,       0.028200,       1.519515,      -0.895042,      -0.189031
     144.449008,      43.507860,       0.005000,       0.007300,      -0.004900,       0.004554,       0.002263,      -0.043068
     136.975302,      35.757783,       0.091400,       0.030500,      -0.000400,       0.181498,       0.022651,      -0.006428
     135.325996,      34.976789,       0.049100,       0.007600,      -0.011800,       0.094280,       0.013503,      -0.003487
     136.010900,      33.741273,       0.024400,       0.026300,      -0.011300,       0.056815,       0.012336,      -0.012832
     142.169736,      45.335826,      -0.004400,      -0.007800,      -0.022300,       0.018511,      -0.019927,      -0.019002
     135.851408,      34.392300,       0.028600,       0.010300,       0.003000,       0.077927,       0.014811,      -0.009385
     140.908082,      37.800671,       2.651100,      -0.359100,      -0.320900,       2.952716,      -0.403035,      -0.738149
     137.270049,      37.446027,       0.217300,      -0.004400,       0.004200,       0.349979,      -0.021218,       0.018540
     139.075685,      35.986891,       0.197400,       0.057900,      -0.004900,       0.427798,       0.056246,      -0.067785
     140.161981,      39.164212,       1.043300,      -0.479700,       0.051300,       1.366296,      -0.508966,      -0.016488
     141.950542,      39.869370,       0.890600,      -0.889600,      -0.102400,       2.417468,      -1.553244,      -0.762242
     123.792036,      24.426271,      -0.006000,      -0.003700,      -0.006100,       0.004772,       0.000793,      -0.001677
     131.564166,      33.671193,       0.011600,       0.017100,      -0.018600,       0.040426,       0.005210,      -0.000639
     144.719147,      42.982571,       0.019500,       0.013200,      -0.017900,      -0.000356,       0.008770,      -0.051140
     140.233203,      42.786434,       0.053700,      -0.055900,      -0.006800,       0.117611,      -0.118586,      -0.010942
     134.046670,      35.456755,       0.062600,       0.008300,      -0.060600,       0.089903,       0.007578,       0.002604
     134.106906,      33.603787,       0.023400,      -0.009900,      -0.031700,       0.048788,       0.008722,      -0.005362
     131.953287,      34.259081,       0.030200,       0.002700,      -0.032300,       0.048863,       0.005445,       0.000396
     137.424773,      35.657189,       0.100100,       0.031600,      -0.015600,       0.192939,       0.028394,      -0.012729
     142.482479,      43.589658,       0.021200,      -0.015400,      -0.001300,       0.031704,      -0.035532,      -0.035478
     136.197946,      35.557331,       0.068200,       0.029200,      -0.023000,       0.139287,       0.017171,      -0.003025
     135.176417,      34.944792,       0.053500,       0.016200,      -0.017700,       0.091064,       0.012883,      -0.003115
     141.038213,      45.275968,       0.016300,      -0.010800,       0.008400,       0.027553,      -0.030758,      -0.014220
     135.221492,      34.157685,       0.036900,       0.019400,      -0.013200,       0.066254,       0.012173,      -0.007338
     139.791506,      37.643696,       0.951300,      -0.034600,      -0.010200,       1.283541,      -0.136951,      -0.099833
     138.369882,      38.023687,       0.405400,      -0.039100,       0.026900,       0.601965,      -0.085620,       0.024661
     138.159038,      34.634540,       0.040600,       0.031800,       0.018700,       0.104809,       0.026997,      -0.032330
     139.795987,      35.895969,       0.206300,       0.081200,      -0.028900,       0.605451,       0.090674,      -0.187099
     136.388942,      36.394456,       0.112500,       0.005300,      -0.015400,       0.199325,       0.009893,       0.005389
     141.167097,      45.137712,       0.024100,      -0.031300,       0.002700,       0.027986,      -0.031361,      -0.015298
     139.358585,      34.737613,       0.063200,      -0.002600,      -0.010700,       0.103402,       0.029632,      -0.060404
     140.629588,      39.051902,       1.530800,      -0.727700,      -0.062000,       1.925637,      -0.712064,      -0.123300
     141.164861,      39.851246,       0.878700,      -0.735900,       0.001300,       1.668128,      -0.912588,      -0.191685
     131.168932,      33.496233,       0.037300,       0.032000,       0.010300,       0.037334,       0.004812,      -0.000612
     143.315695,      42.125587,       0.023100,      -0.004400,      -0.021700,       0.034789,      -0.023507,      -0.081657
     133.439072,      35.345535,       0.042200,       0.011200,      -0.006300,       0.078902,       0.006350,       0.002751
     134.280802,      33.527760,       0.018400,      -0.009300,       0.010700,       0.047919,       0.008856,      -0.006083
     141.863983,      42.729441,       0.069800,       0.005700,      -0.014700,       0.072820,      -0.087921,      -0.040241
     131.346081,      34.189490,       0.024200,       0.011800,      -0.014100,       0.044940,       0.004701,       0.000739
     136.488768,      35.636153,       0.073800,       0.042700,       0.051300,       0.153294,       0.018985,      -0.004001
     133.137888,      35.563534,       0.038700,       0.010200,      -0.004700,       0.079308,       0.004924,       0.003953
     129.940088,      33.196030,      -0.003000,       0.015300,       0.003000,       0.031372,       0.003790,      -0.000172
     136.053666,      35.466286,       0.060400,       0.031500,      -0.039300,       0.130265,       0.016549,      -0.003091
     134.545236,      34.897265,       0.054100,       0.019000,       0.000100,       0.081655,       0.010570,      -0.001408
     142.537089,      45.002398,       0.023300,       0.013100,      -0.012700,       0.017773,      -0.018603,      -0.022395
     135.764413,      33.483360,       0.022200,       0.014400,      -0.004900,       0.049657,       0.010771,      -0.012138
     130.708540,      31.591841,       0.030800,       0.016000,      -0.017600,       0.022121,       0.003798,      -0.002903
     138.906893,      35.047243,       0.050600,       0.025600,      -0.033600,       0.157898,       0.043456,      -0.050389
     141.510373,      43.854011,       0.020100,      -0.036100,      -0.001700,       0.043864,      -0.050827,      -0.023815
     138.706939,      37.535832,       0.458300,       0.008100,       0.015100,       0.666275,      -0.054358,       0.002166
     140.902515,      37.090714,       1.828400,      -0.271100,      -0.499400,       1.781582,      -0.054451,      -0.413423
     136.633947,      36.165289,       0.119600,       0.022600,      -0.011500,       0.197027,       0.015101,       0.001323
     139.270932,      34.519633,       0.027400,       0.011100,      -0.014800,       0.080656,       0.021940,      -0.055137
     140.048093,      35.657206,       0.087900,       0.019600,      -0.021600,       0.441843,       0.109477,      -0.161045
     142.964462,      44.582042,       0.008300,      -0.005000,      -0.014100,       0.016532,      -0.016198,      -0.027315
     141.803851,      39.849176,       0.948400,      -0.891400,      -0.120500,       2.389194,      -1.447367,      -0.681173
     139.547661,      39.185562,       0.681800,      -0.263300,       0.046600,       0.965093,      -0.338725,       0.028051
     131.347278,      33.254042,       0.022100,       0.007900,       0.013100,       0.035620,       0.004987,      -0.001256
     141.447587,      41.404706,       0.133000,      -0.127100,      -0.035500,       0.300605,      -0.309158,      -0.060342
     138.876472,      34.719474,       0.038000,       0.007400,      -0.000700,       0.110262,       0.031179,      -0.047483
     134.237367,      35.265862,       0.044100,       0.006500,      -0.014500,       0.087775,       0.008803,       0.001266
     141.793917,      44.639926,       0.050800,      -0.013600,      -0.016900,       0.027603,      -0.031138,      -0.021020
     124.172648,      24.338876,      -0.000500,       0.002500,      -0.004400,       0.004668,       0.000773,      -0.001774
     133.903647,      33.505735,       0.010500,       0.017000,      -0.007700,       0.046430,       0.008254,      -0.005080
     142.295806,      42.727238,       0.004600,      -0.022200,      -0.006400,       0.056960,      -0.068635,      -0.047886
     136.611394,      35.632897,       0.082900,       0.016300,       0.011500,       0.157300,       0.020021,      -0.004888
     131.530822,      34.057240,       0.015000,       0.013600,      -0.016400,       0.044401,       0.005022,       0.000274
     129.690025,      33.266119,      -0.001200,      -0.001500,       0.026400,       0.031202,       0.003589,       0.000088
     132.457325,      34.892657,       0.039100,       0.030500,      -0.026900,       0.060899,       0.005443,       0.001853
     135.913208,      35.351255,       0.065000,       0.004100,       0.006800,       0.120936,       0.016009,      -0.003367
     135.215906,      34.812189,       0.042500,       0.011500,      -0.020400,       0.086944,       0.013082,      -0.004054
     140.086307,      36.103635,       0.320900,       0.090700,      -0.044700,       0.915365,       0.013578,      -0.357303
     141.741397,      44.892461,      -0.032200,       0.004300,      -0.040300,       0.025474,      -0.028543,      -0.019342
     134.550388,      34.784812,       0.035600,       0.016300,       0.005300,       0.078572,       0.010689,      -0.002005
     145.129621,      43.070079,       0.011800,       0.023300,      -0.013300,      -0.005218,       0.009751,      -0.046461
     140.611836,      36.539928,       0.911700,       0.054300,      -0.237000,       1.129861,      -0.118479,      -0.233053
     130.637356,      31.552221,       0.019600,       0.008800,       0.005000,       0.021838,       0.003745,      -0.002869
     138.516369,      37.348539,       0.391600,       0.018700,       0.018100,       0.582507,      -0.032578,       0.001749
     140.384907,      35.243243,       0.060000,      -0.030300,      -0.036200,       0.164296,      -0.000192,      -0.092566
     136.278945,      36.145619,       0.117100,       0.024000,      -0.014300,       0.177995,       0.012852,       0.002824
     133.461802,      33.818357,       0.035300,       0.012200,      -0.022900,       0.050059,       0.007900,      -0.003138
     143.615670,      44.219722,      -0.002200,       0.000600,      -0.034300,       0.012106,      -0.009080,      -0.033033
     141.345959,      43.240529,       0.049200,      -0.036500,       0.001400,       0.065501,      -0.076092,      -0.026220
     139.210938,      34.333121,       0.009400,       0.005700,       0.025400,       0.065950,       0.016922,      -0.051586
     140.964501,      39.701092,       0.999600,      -0.757500,       0.018500,       1.672927,      -0.833537,      -0.139495
     139.957373,      38.759721,       1.101400,      -0.361400,       0.037200,       1.377653,      -0.414044,      -0.021897
     133.308532,      35.164574,       0.034900,       0.004800,      -0.007400,       0.073720,       0.006560,       0.002085
     131.798065,      33.239436,       0.015500,       0.018400,       0.008100,       0.036733,       0.005430,      -0.001807
     138.609974,      35.117152,       0.059700,       0.017900,      -0.012300,       0.165844,       0.041932,      -0.041749
     140.490767,      41.185078,       0.173600,      -0.178400,       0.024700,       0.389554,      -0.317414,      -0.012083
     142.264529,      44.365127,      -0.015500,       0.009100,      -0.008400,       0.025347,      -0.028076,      -0.025770
     133.280914,      33.468401,       0.020400,       0.005700,      -0.018300,       0.043926,       0.007325,      -0.003716
     141.426128,      39.639369,       1.264700,      -1.004700,      -0.045300,       2.427506,      -1.200895,      -0.435097
     123.795847,      24.061499,      -0.006500,       0.008500,       0.002200,       0.004482,       0.000739,      -0.001703
     143.103257,      42.699268,       0.012600,      -0.011500,       0.008500,       0.031505,      -0.029894,      -0.058964
     131.286041,      33.977713,       0.032800,       0.021600,      -0.035700,       0.042468,       0.004776,       0.000297
     129.125512,      33.255790,       0.010100,      -0.000200,      -0.002100,       0.029693,       0.003201,       0.000367
     132.013558,      34.571063,       0.027500,       0.006200,      -0.013700,       0.053169,       0.005217,       0.001213
     137.174145,      35.612086,       0.093300,       0.028100,       0.018300,       0.177197,       0.025614,      -0.010214
     139.972663,      37.669288,       1.137700,      -0.053200,      -0.029500,       1.463268,      -0.161723,      -0.145539
     138.939326,      34.698904,       0.039200,       0.015000,       0.011900,       0.107017,       0.030422,      -0.048894
     134.997234,      34.804917,       0.042500,       0.011800,      -0.011200,       0.084138,       0.012238,      -0.003289
     137.154474,      36.757950,       0.169700,       0.032300,       0.007000,       0.283534,       0.005413,       0.007083
     136.062827,      35.318975,       0.067100,       0.000700,       0.014300,       0.122625,       0.017014,      -0.004422
     142.265247,      44.728496,      -0.003800,      -0.012100,       0.004100,       0.022035,      -0.024045,      -0.023044
     139.726422,      36.401847,       0.405600,       0.083700,      -0.039000,       0.825448,      -0.006760,      -0.185997
     133.058654,      35.433875,       0.046300,       0.010600,       0.013700,       0.075910,       0.005222,       0.003446
     144.431936,      42.963261,       0.007500,       0.009100,      -0.010400,       0.003706,       0.006315,      -0.053278
     130.699403,      31.496152,       0.029300,       0.004800,       0.034400,       0.021556,       0.003732,      -0.002987
     139.020252,      37.319871,       0.525600,       0.024300,       0.012500,       0.747804,      -0.044191,      -0.022179
     139.974889,      35.002792,       0.024900,       0.015000,      -0.010300,       0.123104,       0.028693,      -0.084973
     143.076819,      44.191942,      -0.006900,       0.004900,      -0.011200,       0.017609,      -0.016845,      -0.031673
     136.504924,      35.984908,       0.095500,       0.040500,       0.023100,       0.177748,       0.016343,      -0.000179
     139.137575,      34.239914,       0.010900,       0.013500,      -0.011400,       0.060909,       0.015314,      -0.049121
     141.652028,      43.220894,      -0.000300,      -0.038900,      -0.012200,       0.058583,      -0.069234,      -0.030616
     137.868762,      35.160451,       0.068400,       0.026200,      -0.007300,       0.154750,       0.032844,      -0.024814
     141.172105,      39.596572,       1.240600,      -0.924100,      -0.018700,       2.089801,      -0.996062,      -0.256088
     140.821985,      41.145546,       0.182400,      -0.199100,       0.030200,       0.412855,      -0.352591,      -0.028622
     138.209984,      35.066974,       0.064800,       0.012600,       0.000400,       0.151217,       0.035666,      -0.032055
     131.286086,      33.009027,       0.013900,       0.026100,       0.051600,       0.033250,       0.004880,      -0.001633
     139.831767,      38.594037,       1.058500,      -0.273700,       0.014400,       1.322342,      -0.353902,      -0.020143
     133.239880,      36.285290,       0.070400,       0.024900,       0.003000,       0.094345,       0.001494,       0.007204
     141.664599,      44.148753,       0.041400,      -0.017600,      -0.006400,       0.035862,      -0.041244,      -0.023190
     139.056735,      36.539259,       0.317600,       0.072300,      -0.039200,       0.583952,       0.017999,      -0.057186
     140.836319,      39.554456,       1.092700,      -0.736400,      -0.024100,       1.707932,      -0.786223,      -0.116816
     134.007133,      33.427796,       0.022600,      -0.004800,      -0.004600,       0.045402,       0.008275,      -0.005563
     141.074955,      42.667876,       0.043400,      -0.055100,      -0.011200,       0.105061,      -0.117543,      -0.025591
     130.296906,      33.683070,       0.026000,       0.023200,       0.001900,       0.036037,       0.003926,       0.000409
     133.972601,      34.590285,       0.041100,      -0.001600,      -0.001800,       0.068203,       0.009125,      -0.001483
     136.938480,      34.740051,       0.048800,       0.040300,       0.011900,       0.104293,       0.021466,      -0.015536
     131.864313,      34.439720,       0.011100,       0.020900,       0.012100,       0.050584,       0.005150,       0.000966
     129.026343,      32.885628,      -0.029500,       0.023500,       0.021700,       0.027322,       0.003231,      -0.000073
     136.687282,      35.488324,       0.085000,       0.031300,       0.013200,       0.149552,       0.021258,      -0.006993
     132.104442,      33.975068,       0.028400,       0.022900,       0.020800,       0.046116,       0.005815,      -0.000513
     137.073565,      35.239086,       0.061700,       0.015300,      -0.026800,       0.141790,       0.024859,      -0.013052
     136.806403,      36.592090,       0.147700,       0.018700,      -0.002600,       0.240232,       0.008267,       0.006342
     140.571648,      37.591091,       1.830200,      -0.142200,      -0.152100,       2.194239,      -0.186589,      -0.485540
     143.459231,      43.028625,       0.005700,      -0.002500,      -0.046400,       0.019706,      -0.014231,      -0.052494
     135.341779,      34.790904,       0.048000,       0.005100,       0.011800,       0.087690,       0.013587,      -0.004688
     136.235613,      35.269441,       0.065100,       0.017500,       0.013200,       0.123791,       0.018226,      -0.005859
     138.906264,      36.697027,       0.347800,       0.047400,      -0.013800,       0.575982,       0.009186,      -0.039616
     141.955257,      39.458161,       1.972800,      -1.560600,      -0.417200,       4.291246,      -1.958186,      -1.575751
     141.330057,      44.427048,      -0.020400,      -0.017900,       0.002300,       0.035685,      -0.040668,      -0.019109
     132.208976,      35.002812,       0.030700,       0.024200,       0.007300,       0.060437,       0.004811,       0.002397
     130.274984,      30.784655,       0.005400,       0.021000,       0.022900,       0.017678,       0.003146,      -0.003153
     138.242586,      37.056681,       0.292400,       0.009900,       0.004600,       0.475134,      -0.008112,      -0.000020
     139.630650,      35.663697,       0.088600,       0.062700,      -0.131400,       0.400365,       0.093532,      -0.118805
     144.293302,      43.988789,       0.012700,      -0.004400,      -0.005800,       0.006354,      -0.001258,      -0.036396
     139.561764,      34.093764,       0.000300,       0.038100,       0.031600,       0.041378,       0.006978,      -0.054948
     135.989763,      35.945004,       0.084200,       0.027700,      -0.011700,       0.154447,       0.013153,       0.001797
     144.970728,      43.218189,       0.002000,       0.028500,      -0.021400,      -0.002306,       0.008018,      -0.045327
     141.955250,      45.514114,       0.013700,       0.001600,      -0.019400,       0.018879,      -0.020518,      -0.017329
     132.982170,      32.869483,       0.013900,      -0.001200,       0.007300,       0.035358,       0.006311,      -0.004418
     135.970596,      33.660805,       0.015800,       0.003200,      -0.019800,       0.054463,       0.011870,      -0.012818
     130.867107,      31.242747,       0.000200,       0.016500,       0.078500,       0.020208,       0.003610,      -0.003395
     138.081684,      35.044884,       0.065400,       0.022600,      -0.005300,       0.146187,       0.033833,      -0.029535
     139.742250,      38.146175,       1.052700,      -0.153300,      -0.001300,       1.308119,      -0.244200,      -0.046343
     131.587843,      32.986857,       0.013700,      -0.001700,       0.016400,       0.033751,       0.005137,      -0.002021
     141.131807,      40.862361,       0.226300,      -0.290700,       0.050600,       0.566407,      -0.468508,      -0.061281
     139.269328,      36.003735,       0.231500,       0.063100,      -0.050600,       0.482217,       0.060109,      -0.088707
     132.984378,      36.093209,       0.058400,       0.005400,      -0.028500,       0.086644,       0.002238,       0.006293
     141.293001,      39.464693,       1.526800,      -1.066300,      -0.060700,       2.533959,      -1.123044,      -0.386930
     141.602260,      42.655530,       0.051500,      -0.040000,      -0.045500,       0.087007,      -0.103257,      -0.036240
     144.506409,      43.722779,       0.002300,       0.020100,      -0.025200,       0.004242,       0.001676,      -0.039688
     130.675667,      33.579768,       0.007600,       0.006400,       0.014000,       0.036458,       0.004312,      -0.000038
     133.402984,      33.407704,       0.025400,       0.006500,       0.034400,       0.043402,       0.007424,      -0.004129
     137.124687,      35.478700,       0.080700,       0.022300,       0.006100,       0.163321,       0.025458,      -0.011186
     130.166428,      32.795701,      -0.014500,       0.056600,       0.066000,       0.029129,       0.003974,      -0.000929
     136.474457,      34.420326,       0.037000,       0.020700,      -0.003400,       0.083390,       0.017265,      -0.013339
     132.902094,      35.035212,       0.029000,       0.018300,       0.009500,       0.067142,       0.005991,       0.001973
     134.351972,      34.096989,       0.022200,       0.010000,      -0.004100,       0.059818,       0.009903,      -0.004455
     133.563990,      35.169661,       0.039300,       0.020500,       0.003400,       0.076747,       0.007160,       0.001808
     136.965801,      35.168421,       0.084300,       0.019300,      -0.016000,       0.133779,       0.023732,      -0.012579
     142.401972,      42.980515,       0.024500,      -0.016300,      -0.013500,       0.045589,      -0.053524,      -0.044330
     137.239224,      36.472800,       0.162200,       0.000000,      -0.021200,       0.265050,       0.013898,       0.001609
     138.865405,      36.259032,       0.236200,       0.069100,      -0.011800,       0.458908,       0.037649,      -0.048295
     135.870808,      35.137040,       0.060300,       0.023800,      -0.022700,       0.109690,       0.016106,      -0.004846
     134.828779,      34.786962,       0.035700,       0.018400,      -0.006500,       0.081672,       0.011631,      -0.002824
     139.835523,      37.461289,       0.956600,      -0.019100,      -0.048800,       1.264069,      -0.107674,      -0.126903
     142.625589,      44.294568,       0.011700,      -0.000900,      -0.004900,       0.021866,      -0.023183,      -0.028455
     141.534158,      39.338056,       2.062900,      -1.387600,      -0.226900,       3.397309,      -1.385465,      -0.747668
     138.975854,      35.623349,       0.122200,       0.033700,      -0.008800,       0.296481,       0.061187,      -0.058039
     139.045179,      35.415350,       0.104600,       0.044800,       0.006700,       0.242857,       0.059796,      -0.059351
     131.028597,      30.753325,      -0.018100,      -0.015800,       0.041800,       0.017667,       0.003270,      -0.003940
     131.610374,      34.616494,       0.020400,       0.016600,       0.064300,       0.051155,       0.004581,       0.001634
     139.162601,      35.336208,       0.080000,       0.027600,       0.010200,       0.226519,       0.060156,      -0.063792
     140.087190,      36.106114,       0.326800,       0.091500,      -0.048700,       0.917455,       0.012222,      -0.358227
     137.893871,      36.950871,       0.237000,       0.024700,       0.024100,       0.396740,      -0.000816,       0.003717
     142.577715,      43.908405,      -0.006900,      -0.011100,       0.000500,       0.026132,      -0.028399,      -0.032232
     136.197394,      35.792782,       0.074400,       0.022400,      -0.026700,       0.153148,       0.015780,      -0.000676
     132.810657,      32.762100,      -0.007900,       0.036500,      -0.003900,       0.033860,       0.006033,      -0.004286
     139.478805,      34.075781,       0.014000,      -0.003700,      -0.052500,       0.042643,       0.007812,      -0.053239
     137.946810,      34.902051,       0.051400,       0.022500,       0.022200,       0.128813,       0.030320,      -0.027775
     136.024347,      33.820426,       0.018600,       0.025000,       0.021800,       0.059210,       0.012762,      -0.012679
     141.881787,      45.230106,      -0.038600,       0.006800,       0.001500,       0.021369,      -0.023537,      -0.018341
     140.093526,      37.963607,       1.353800,      -0.165000,      -0.049300,       1.674482,      -0.270801,      -0.152401
     143.027763,      43.171330,       0.009700,       0.004700,       0.006300,       0.026866,      -0.026557,      -0.046896
     127.993676,      26.386345,       0.025200,      -0.016600,       0.013500,       0.006290,       0.001067,      -0.002902
     131.756842,      32.704017,       0.016300,       0.009900,       0.056300,       0.031509,       0.005128,      -0.002719
     141.311673,      39.235375,       2.092300,      -1.256600,      -0.163500,       2.977575,      -1.154642,      -0.497908
     140.589225,      40.706276,       0.280800,      -0.279100,       0.002600,       0.601378,      -0.433499,      -0.018575
     132.743214,      35.392615,       0.046700,      -0.000900,      -0.013600,       0.071533,       0.004742,       0.003467
     130.995426,      33.564733,       0.025700,       0.027100,       0.004200,       0.037390,       0.004625,      -0.000323
     139.182198,      35.884048,       0.181700,       0.056500,      -0.024200,       0.415182,       0.064554,      -0.077034
     132.792691,      33.171645,       0.015700,       0.023600,       0.009300,       0.038596,       0.006446,      -0.003456
     141.798042,      39.253519,       2.695100,      -1.789000,      -0.492000,       4.508520,      -1.732047,      -1.364356
     140.825684,      42.646290,       0.054100,      -0.063300,      -0.004400,       0.114470,      -0.123770,      -0.020909
     141.370584,      43.624329,       0.003500,      -0.042300,      -0.001100,       0.052114,      -0.060391,      -0.023895
     136.549743,      35.371709,       0.072300,       0.025000,       0.000800,       0.137618,       0.020379,      -0.007083
     137.823422,      34.671882,       0.040200,       0.023600,       0.041100,       0.107047,       0.025979,      -0.026764
     135.928303,      33.877002,       0.018600,       0.009000,       0.005100,       0.060750,       0.012859,      -0.011941
     133.396276,      34.993364,       0.040500,      -0.000400,      -0.019500,       0.071281,       0.007156,       0.001251
     132.908111,      34.633672,       0.018100,       0.014100,      -0.006000,       0.060403,       0.006676,       0.000493
     136.862749,      34.984394,       0.050300,       0.018300,      -0.002300,       0.118852,       0.022293,      -0.013098
     134.560139,      34.059906,       0.031500,       0.025300,      -0.023800,       0.060108,       0.010330,      -0.005241
     136.145038,      34.986384,       0.048700,       0.029000,       0.007100,       0.107044,       0.017646,      -0.007532
     137.851122,      36.499766,       0.180700,       0.026200,      -0.005000,       0.332497,       0.017991,      -0.005561
     135.380381,      34.724250,       0.043500,       0.007600,       0.013600,       0.085748,       0.013703,      -0.005239
     140.464031,      37.444871,       1.535000,      -0.032200,      -0.188900,       1.909687,      -0.146743,      -0.417179
     137.033941,      37.432258,       0.213800,       0.002700,       0.012800,       0.320015,      -0.018775,       0.018654
     141.030915,      43.177853,       0.025700,      -0.037200,      -0.018200,       0.075855,      -0.085803,      -0.022173
     130.198247,      30.461389,      -0.031000,      -0.015300,       0.023300,       0.016227,       0.002926,      -0.003292
     144.029775,      44.063872,       0.000000,       0.008200,      -0.025700,       0.008657,      -0.004124,      -0.035472
     130.335960,      32.793014,       0.055600,       0.039000,       0.031600,       0.029458,       0.004092,      -0.001069
     139.157225,      35.610274,       0.107500,       0.043200,      -0.042600,       0.311923,       0.068089,      -0.069387
     133.527984,      34.548797,       0.047600,       0.002600,      -0.028300,       0.063691,       0.008069,      -0.000763
     139.542301,      36.295162,       0.337500,       0.085000,      -0.026500,       0.696800,       0.024262,      -0.138499
     139.653747,      35.436484,       0.133700,       0.060400,      -0.007600,       0.279908,       0.080268,      -0.097732
     139.142414,      35.268600,       0.078300,       0.015600,      -0.034500,       0.207928,       0.056579,      -0.061605
     137.814478,      35.777534,       0.108000,       0.040400,       0.042500,       0.229470,       0.033154,      -0.017328
     135.907639,      35.534409,       0.075200,       0.033500,      -0.013600,       0.130075,       0.015349,      -0.001769
     139.073909,      37.752064,       0.596400,      -0.039500,       0.036200,       0.840594,      -0.096110,      -0.005477
     144.115255,      43.828078,       0.005900,       0.008300,      -0.047000,       0.008091,      -0.002685,      -0.038651
     139.612852,      33.884124,      -0.002000,      -0.010300,      -0.028100,       0.030635,       0.003273,      -0.052425
     141.739846,      39.023782,       3.594800,      -2.004100,      -0.702500,       4.710504,      -1.532533,      -1.322174
     132.339820,      34.397048,       0.032200,       0.013400,      -0.001200,       0.052906,       0.005914,       0.000391
     138.176745,      34.849413,       0.042700,       0.029600,      -0.052600,       0.125708,       0.031300,      -0.032184
     140.077573,      38.197543,       1.348200,      -0.231500,      -0.009400,       1.653765,      -0.343611,      -0.113891
     142.292258,      44.990504,       0.027000,       0.007600,      -0.034300,       0.019829,      -0.021368,      -0.021456
     131.327615,      32.684833,       0.002200,       0.012000,       0.001300,       0.030567,       0.004788,      -0.002214
     132.995423,      35.195613,       0.029600,       0.018300,      -0.014800,       0.070892,       0.005798,       0.002516
     127.760365,      26.312714,       0.013400,      -0.000500,       0.008200,       0.006241,       0.001060,      -0.002805
     141.376210,      40.676398,       0.272000,      -0.311900,       0.004100,       0.724080,      -0.581968,      -0.110648
     139.365969,      35.800802,       0.183800,       0.055700,      -0.024000,       0.420927,       0.075902,      -0.094982
     142.567035,      43.165047,       0.008100,      -0.028400,       0.011500,       0.037123,      -0.042046,      -0.042872
     132.999232,      32.991232,       0.011600,       0.025000,       0.055400,       0.036845,       0.006473,      -0.004216
     141.400853,      39.012107,       2.863100,      -1.470700,      -0.314400,       3.524827,      -1.214096,      -0.699197
     137.110232,      35.367372,       0.075300,       0.017300,      -0.021600,       0.153305,       0.025378,      -0.012200
     143.901986,      43.101691,       0.009000,      -0.012200,      -0.011400,       0.011759,      -0.003349,      -0.051615
     130.079271,      33.503037,      -0.003300,       0.022800,       0.045300,       0.033963,       0.003815,       0.000232
     137.575492,      34.937675,       0.054000,       0.017300,       0.018500,       0.127004,       0.027588,      -0.021741
     135.087646,      35.419525,       0.042100,       0.023100,       0.020500,       0.106714,       0.011499,       0.000292
     143.461144,      42.551647,       0.022900,      -0.002800,      -0.017700,       0.023716,      -0.014742,      -0.065834
     132.851576,      34.811603,       0.028600,       0.021300,       0.009500,       0.062906,       0.006314,       0.001194
     137.943807,      35.923580,       0.129700,       0.027100,      -0.014700,       0.259797,       0.033594,      -0.017803
     136.831877,      34.904385,       0.046600,       0.028000,      -0.005800,       0.113171,       0.021723,      -0.013407
     135.906165,      34.939602,       0.041000,       0.017800,      -0.013900,       0.101142,       0.016290,      -0.006459
     133.341290,      34.612201,       0.032500,       0.002700,      -0.013100,       0.063420,       0.007597,      -0.000203
     135.172288,      34.686988,       0.046000,       0.030100,       0.016800,       0.082226,       0.012871,      -0.004588
     141.572589,      38.902859,       3.646400,      -1.771100,      -0.637100,       4.164904,      -1.328767,      -0.983865
     145.186094,      44.019183,       0.012600,       0.007400,      -0.000400,      -0.000843,       0.004222,      -0.033988
     139.686345,      37.326210,       0.820100,       0.014600,      -0.036700,       1.105224,      -0.077692,      -0.103965
     136.908772,      37.226436,       0.188000,       0.033800,       0.014400,       0.293997,      -0.010352,       0.015643
     141.730671,      42.983253,       0.008500,      -0.047700,      -0.003600,       0.065538,      -0.078148,      -0.034400
     139.204867,      35.428518,       0.108200,       0.037900,      -0.021600,       0.255779,       0.065307,      -0.068066
     130.903232,      30.398676,      -0.037500,       0.012100,      -0.048700,       0.015988,       0.002976,      -0.004017
     134.049179,      34.051500,       0.020900,       0.005000,      -0.001200,       0.057188,       0.009193,      -0.003774
     140.337371,      35.421126,       0.095400,      -0.001600,      -0.021400,       0.247473,       0.016055,      -0.088359
     132.575440,      34.340353,       0.023800,       0.012800,      -0.000300,       0.053548,       0.006350,      -0.000054
     139.253348,      38.465392,       0.712900,      -0.146200,       0.073900,       0.951961,      -0.214312,       0.017014
     135.608881,      35.462714,       0.064100,      -0.000500,      -0.010300,       0.119369,       0.013899,      -0.001113
     140.174264,      36.263269,       0.435000,       0.101800,      -0.078000,       1.027402,      -0.077066,      -0.408006
     136.728752,      35.405134,       0.082500,       0.025100,       0.005400,       0.144868,       0.021803,      -0.008173
     142.409610,      43.738523,      -0.001800,      -0.006200,      -0.006800,       0.030815,      -0.034604,      -0.032989
     137.369515,      36.736958,       0.178000,       0.027300,       0.000100,       0.303640,       0.006947,       0.005147
     139.764616,      32.463502,      -0.003900,      -0.007400,      -0.032600,       0.003409,      -0.002610,      -0.034668
     136.772705,      37.000719,       0.157800,       0.005300,       0.013300,       0.266556,      -0.002801,       0.012521
     130.216661,      32.712291,      -0.010600,       0.048600,       0.105200,       0.028659,       0.003999,      -0.001087
     137.680777,      34.752041,       0.042200,       0.013300,       0.013000,       0.112606,       0.026232,      -0.024313
     140.466487,      37.683308,       1.738600,      -0.144000,      -0.068800,       2.116447,      -0.223025,      -0.397311
     142.021781,      44.916065,       0.029100,      -0.004700,      -0.041800,       0.022717,      -0.025092,      -0.020648
     132.507321,      35.185954,       0.021700,       0.011900,      -0.003700,       0.065797,       0.004895,       0.002835
     127.677633,      26.194577,       0.008600,      -0.025900,      -0.003000,       0.006100,       0.001032,      -0.002777
     131.148867,      32.456640,       0.023900,       0.057700,       0.039300,       0.028445,       0.004546,      -0.002349
     144.496498,      43.149392,       0.003200,       0.020600,      -0.017700,       0.003294,       0.005265,      -0.049189
     132.703727,      32.840607,       0.007800,       0.034900,      -0.014900,       0.034552,       0.006030,      -0.003950
     140.990581,      38.815342,       2.618400,      -1.011400,       0.393800,       2.727821,      -0.953100,      -0.375355
     130.097219,      33.292003,      -0.005800,       0.017400,       0.016600,       0.032468,       0.003891,      -0.000125
     141.148523,      38.995463,       2.396600,      -1.166500,      -0.178900,       2.882439,      -1.035013,      -0.424547
     137.405606,      35.261967,       0.072600,       0.027800,      -0.025000,       0.152686,       0.028245,      -0.016795
     142.870059,      43.013652,       0.013300,      -0.021200,      -0.014500,       0.032545,      -0.034388,      -0.048927
     137.434004,      34.864815,       0.051100,       0.000900,       0.004000,       0.118967,       0.025749,      -0.020303
     140.478527,      40.624345,       0.300100,      -0.278100,       0.023700,       0.628306,      -0.433428,      -0.011769
     135.340700,      35.333460,       0.058400,       0.012800,      -0.002000,       0.108295,       0.012953,      -0.001115
     140.249161,      35.288384,       0.086500,       0.001600,      -0.049200,       0.188427,       0.024011,      -0.095926
     138.583298,      35.590335,       0.119000,       0.045600,      -0.019900,       0.253319,       0.049277,      -0.039908
     133.337634,      34.777791,       0.036700,       0.011600,      -0.008100,       0.066519,       0.007390,       0.000448
     136.694251,      35.050911,       0.046900,       0.022300,       0.000600,       0.120155,       0.021300,      -0.011061
     141.361481,      42.549801,       0.056200,      -0.049300,      -0.034700,       0.103924,      -0.119960,      -0.032437
     142.151690,      44.006778,       0.020600,      -0.013800,      -0.024000,       0.031066,      -0.035295,      -0.028127
     134.519568,      34.669879,       0.026500,       0.032900,       0.010900,       0.075128,       0.010645,      -0.002490
     139.664837,      35.267094,       0.082700,       0.017500,      -0.021200,       0.211176,       0.063519,      -0.086523
     143.331004,      42.321594,       0.023800,      -0.001100,      -0.026100,       0.030577,      -0.021731,      -0.073454
     130.424379,      30.395756,      -0.020800,       0.001400,       0.055000,       0.015971,       0.002917,      -0.003541
     140.212745,      37.293041,       1.192000,       0.003100,      -0.073300,       1.536635,      -0.113019,      -0.289698
     133.140186,      34.515622,       0.027200,       0.004800,      -0.000400,       0.060134,       0.007260,      -0.000247
     138.316396,      35.855978,       0.145700,       0.052200,       0.006200,       0.282497,       0.041398,      -0.028363
     138.513087,      38.319346,       0.467900,      -0.069600,       0.035100,       0.651084,      -0.120868,       0.030269
     136.540675,      36.537266,       0.111900,       0.017400,       0.015900,       0.217821,       0.008083,       0.006681
     139.810527,      36.203672,       0.332800,       0.086700,      -0.030700,       0.801523,       0.018138,      -0.224167
     130.913629,      33.996556,       0.002800,      -0.002900,       0.019700,       0.041062,       0.004350,       0.000618
     139.466069,      35.326681,       0.092800,       0.041500,      -0.005800,       0.232150,       0.066962,      -0.079408
     136.431937,      34.603334,       0.046500,       0.005000,       0.013300,       0.091669,       0.018034,      -0.012034
     137.031898,      36.649562,       0.169700,       0.047500,      -0.012100,       0.263008,       0.007986,       0.006032
     142.162758,      26.635151,      -0.007200,       0.004500,       0.012500,      -0.005232,       0.003033,      -0.007956
     134.230231,      34.038417,       0.018500,       0.003400,      -0.000700,       0.057881,       0.009566,      -0.004315
     140.801635,      38.748937,       2.171200,      -0.825100,      -0.083400,       2.440176,      -0.830328,      -0.280145
     141.873847,      43.740840,       0.035000,      -0.019200,      -0.018600,       0.039981,      -0.046533,      -0.028194
     136.054828,      34.869327,       0.037400,       0.017300,      -0.009400,       0.100023,       0.016983,      -0.007799
     136.788824,      35.300837,       0.076100,       0.011300,      -0.002000,       0.139079,       0.022397,      -0.009701
     130.352274,      32.722574,       0.057000,       0.058500,       0.050500,       0.028995,       0.004094,      -0.001185
     140.755075,      37.560553,       2.071100,      -0.224600,      -0.240900,       2.409545,      -0.166661,      -0.621356
     131.185225,      32.245856,       0.027500,       0.028300,       0.028500,       0.026910,       0.004447,      -0.002678
     153.978656,      24.290095,      -0.025500,       0.017500,       0.030300,      -0.011129,       0.008750,       0.000816
     132.720506,      35.019773,       0.045000,       0.019800,      -0.011100,       0.065175,       0.005670,       0.002079
     130.250822,      33.536142,       0.027400,       0.032300,       0.001900,       0.034741,       0.003947,       0.000180
     141.203293,      43.140396,       0.032400,      -0.039600,      -0.002800,       0.073336,      -0.084226,      -0.024867
     142.038715,      44.743242,      -0.013100,       0.016300,      -0.010100,       0.024081,      -0.026740,      -0.021776
     142.084600,      42.933772,       0.017300,      -0.020500,       0.026100,       0.056528,      -0.067914,      -0.040647
     136.593445,      35.227906,       0.062200,       0.021800,      -0.019400,       0.129374,       0.020811,      -0.008738
     137.554340,      34.808727,       0.044800,       0.017600,       0.002900,       0.115957,       0.026050,      -0.022240
     140.833189,      38.934027,       1.955700,      -0.865800,      -0.079300,       2.328943,      -0.835243,      -0.233212
     135.634211,      35.155182,       0.050200,       0.009900,       0.005700,       0.106295,       0.014810,      -0.003573
     140.803347,      40.643566,       0.329700,      -0.312200,       0.016000,       0.669062,      -0.488416,      -0.036858
     134.965706,      34.669737,       0.040200,       0.033700,       0.022300,       0.079547,       0.012117,      -0.003909
     139.509568,      38.230689,       0.895100,      -0.143000,       0.006700,       1.123402,      -0.218569,      -0.011828
     139.369897,      35.616428,       0.140100,       0.049600,      -0.018500,       0.339569,       0.077953,      -0.086599
     136.393260,      34.854901,       0.063000,       0.012100,      -0.010400,       0.103982,       0.018809,      -0.010149
     143.333701,      44.005620,       0.002700,      -0.006900,      -0.016200,       0.015802,      -0.013670,      -0.034891
     132.194653,      34.370346,       0.030600,       0.022500,      -0.026900,       0.051663,       0.005710,       0.000465
     129.862951,      33.073386,      -0.031000,       0.032600,       0.027300,       0.030342,       0.003753,      -0.000306
     140.354197,      42.494360,       0.054700,      -0.069300,       0.007600,       0.140130,      -0.139872,      -0.012281
     137.723377,      34.672312,       0.055500,       0.015100,      -0.002500,       0.106535,       0.025429,      -0.025286
     139.049338,      35.245516,       0.079500,       0.011300,      -0.048700,       0.200012,       0.053631,      -0.057308
     142.364605,      42.356904,       0.031600,      -0.047200,      -0.028800,       0.070650,      -0.086812,      -0.058609
     130.554548,      30.236353,      -0.003000,      -0.008000,       0.025000,       0.015302,       0.002823,      -0.003752
     140.450970,      37.210562,       1.389700,      -0.056300,      -0.139200,       1.705957,      -0.119811,      -0.446562
     132.691961,      34.184636,       0.019000,       0.043200,       0.018000,       0.051945,       0.006634,      -0.000681
     138.695131,      35.746875,       0.147300,       0.031900,       0.014600,       0.298927,       0.051834,      -0.043718
     136.361645,      36.229563,       0.108000,       0.027800,      -0.025300,       0.187281,       0.012273,       0.003470
     139.262694,      35.304899,       0.091400,       0.053400,       0.019700,       0.220834,       0.061087,      -0.068004
     134.023905,      34.286027,       0.032200,       0.014700,       0.031000,       0.061930,       0.009280,      -0.002843
     140.544482,      36.181307,       0.438600,       0.100000,      -0.120900,       1.090013,      -0.187570,      -0.454453
     135.589934,      33.747605,       0.038700,       0.011600,      -0.009400,       0.056257,       0.011655,      -0.010545
     138.471681,      38.063279,       0.438000,      -0.042900,       0.065900,       0.633669,      -0.094474,       0.024436
     141.324370,      24.780186,       0.003500,      -0.005400,      -0.094400,      -0.003218,       0.001697,      -0.006214
     142.903019,      43.771414,       0.013500,      -0.000800,       0.012000,       0.022831,      -0.023226,      -0.036025
     137.138544,      37.306970,       0.192600,      -0.003500,       0.048500,       0.324450,      -0.014337,       0.016485
     141.449370,      38.682699,       4.032000,      -1.605200,      -0.663900,       3.905995,      -1.277695,      -0.854680
     133.681285,      33.936674,       0.023900,       0.008200,      -0.003500,       0.053113,       0.008373,      -0.003258
     135.173215,      35.752353,       0.055200,       0.012800,      -0.000400,       0.121142,       0.010274,       0.002523
     134.588209,      35.283343,       0.054000,       0.005900,       0.000800,       0.093518,       0.009945,       0.000662
     140.072680,      37.566947,       1.189800,      -0.031100,      -0.047600,       1.530420,      -0.148123,      -0.191413
     130.290717,      32.660650,       0.003300,       0.040100,       0.082700,       0.028448,       0.004041,      -0.001220
     131.515847,      32.170433,       0.011000,       0.024700,      -0.028900,       0.026735,       0.004585,      -0.003180
     131.923144,      34.767344,       0.018800,       0.010900,       0.020600,       0.055084,       0.004800,       0.001854
     130.521960,      33.500378,       0.029800,      -0.008100,      -0.034400,       0.035306,       0.004196,      -0.000069
     141.317863,      38.743220,       3.444000,      -1.417800,      -0.418200,       3.525728,      -1.191087,      -0.712729
     143.494972,      42.806508,       0.007600,       0.018600,      -0.034800,       0.020628,      -0.013400,      -0.058287
     137.514935,      34.718052,       0.043800,       0.010600,      -0.022400,       0.108542,       0.024772,      -0.022207
     142.571168,      44.546500,       0.007800,      -0.006100,      -0.048200,       0.020479,      -0.021687,      -0.025932
     138.727303,      35.360770,       0.097900,       0.019500,      -0.015700,       0.213907,       0.050053,      -0.045602
     135.024075,      34.577053,       0.029100,       0.011500,       0.002000,       0.077265,       0.012267,      -0.004600
     137.980415,      35.031518,       0.064100,       0.016000,       0.014300,       0.142852,       0.032539,      -0.027686
     135.219943,      34.326462,       0.038800,       0.024800,      -0.002700,       0.071216,       0.012550,      -0.006594
     140.451565,      40.910177,       0.227000,      -0.231400,      -0.001300,       0.490641,      -0.368391,      -0.009893
     138.988865,      37.896470,       0.549300,      -0.047700,       0.013500,       0.816212,      -0.108801,       0.005193
     139.613842,      35.160867,       0.050600,       0.014500,      -0.014900,       0.179055,       0.053980,      -0.079293
     143.597702,      43.123895,       0.034400,       0.011400,      -0.003000,       0.016633,      -0.010364,      -0.050754
     143.926947,      42.894515,      -0.006900,       0.009300,      -0.022600,       0.011799,      -0.001548,      -0.056490
     136.329759,      34.648749,       0.038800,       0.020000,      -0.012900,       0.092861,       0.017745,      -0.011021
     142.060223,      42.481279,       0.011700,      -0.033100,      -0.030000,       0.078336,      -0.096052,      -0.048888
     137.442454,      34.680381,       0.038900,       0.026200,       0.017700,       0.105191,       0.023923,      -0.021472
     138.445247,      35.443579,       0.105200,       0.027400,       0.001900,       0.215952,       0.045068,      -0.036096
     129.958947,      32.768305,      -0.043800,      -0.022200,      -0.029900,       0.028524,       0.003831,      -0.000810
     132.455546,      34.260922,       0.026200,       0.020900,       0.007700,       0.051698,       0.006205,      -0.000145
     129.693574,      28.487218,      -0.042000,      -0.020700,      -0.080000,       0.009793,       0.001771,      -0.003620
     140.715997,      37.183092,       1.644200,      -0.167500,      -0.288700,       1.844800,      -0.110535,      -0.570131
     139.857668,      42.450735,       0.068500,      -0.069800,      -0.007500,       0.152515,      -0.140960,      -0.004044
     133.940869,      33.722511,       0.041100,       0.018300,       0.031900,       0.050361,       0.008623,      -0.004562
     132.531630,      34.069231,       0.027500,       0.005300,       0.016600,       0.049434,       0.006415,      -0.000797
     136.048948,      36.109733,       0.100300,       0.020400,       0.011300,       0.165862,       0.011844,       0.003301
     139.345170,      36.120951,       0.258500,       0.060800,      -0.010800,       0.551301,       0.050684,      -0.100705
     139.825519,      35.311702,       0.096000,      -0.008000,      -0.070100,       0.223479,       0.066079,      -0.096286
     134.626021,      33.926856,       0.021200,       0.026300,       0.010600,       0.057366,       0.010249,      -0.005943
     138.436165,      36.801709,       0.295400,       0.052800,       0.036000,       0.477106,       0.006136,      -0.012716
     141.288828,      24.750798,       0.006600,       0.026000,      -0.010100,      -0.003178,       0.001665,      -0.006197
     134.389104,      33.878931,       0.011200,       0.023900,      -0.010100,       0.055264,       0.009679,      -0.005341
     139.351465,      37.929383,       0.775100,      -0.069400,       0.023700,       1.009089,      -0.144758,      -0.015822
     136.718760,      37.156744,       0.167700,       0.008700,      -0.014900,       0.271466,      -0.007593,       0.014874
     143.578155,      43.670502,       0.006800,       0.003300,       0.012300,       0.014428,      -0.010407,      -0.040430
     141.147540,      38.539480,       3.389800,      -1.157500,      -0.347700,       3.319851,      -1.099227,      -0.678603
     135.735180,      33.969482,       0.037700,      -0.004600,      -0.013600,       0.063024,       0.012853,      -0.010551
     134.932286,      35.555681,       0.061500,       0.023700,      -0.007600,       0.108510,       0.010275,       0.001639
     128.619363,      32.634274,      -0.025200,      -0.009500,       0.033900,       0.025191,       0.003034,      -0.000170
     133.792477,      35.263538,       0.040000,       0.018800,       0.038700,       0.081646,       0.007500,       0.001952
     131.078569,      31.965049,      -0.005700,      -0.001600,       0.038100,       0.024802,       0.004207,      -0.002904
     141.004335,      38.686135,       2.712500,      -1.007000,      -0.168600,       2.880435,      -0.981715,      -0.453596
     130.828752,      33.465461,       0.017700,       0.018500,       0.040400,       0.035974,       0.004485,      -0.000371
     142.935844,      44.332294,       0.018700,       0.010400,      -0.019800,       0.018245,      -0.018110,      -0.029581
     141.081058,      42.420548,       0.054000,      -0.083200,      -0.003100,       0.126152,      -0.139286,      -0.027273
     136.503757,      35.104762,       0.056800,       0.048400,      -0.008000,       0.119850,       0.020060,      -0.009090
     135.789848,      34.882031,       0.049600,       0.014000,      -0.001400,       0.096955,       0.015654,      -0.006221
     138.515677,      34.986496,       0.064300,       0.031900,       0.009000,       0.145190,       0.037377,      -0.039301
     139.171034,      35.040628,       0.050700,       0.024000,      -0.010500,       0.156870,       0.045481,      -0.059114
     134.860972,      34.493319,       0.029700,       0.007700,       0.012100,       0.073344,       0.011668,      -0.004422
     141.066330,      39.953080,       0.706200,      -0.649000,       0.009200,       1.433618,      -0.817636,      -0.136546
     144.986963,      43.549398,       0.003000,       0.013700,      -0.016400,      -0.000875,       0.005789,      -0.040408
     140.811119,      43.082596,       0.045900,      -0.039400,      -0.024900,       0.085878,      -0.094720,      -0.019375
     138.574397,      37.397679,       0.400800,       0.010400,       0.014400,       0.605924,      -0.037983,       0.001652
     138.814037,      35.496589,       0.110100,       0.042100,      -0.024000,       0.249096,       0.054744,      -0.049277
     136.628399,      34.431442,       0.043800,       0.019700,      -0.032000,       0.084892,       0.017940,      -0.014493
     134.376112,      34.760424,       0.033500,       0.027900,      -0.031900,       0.076092,       0.010156,      -0.001663
     142.567452,      42.247726,       0.023900,      -0.035500,       0.009300,       0.065809,      -0.079520,      -0.066383
     139.533822,      38.511196,       0.903200,      -0.210500,       0.057500,       1.115194,      -0.269572,       0.002855
     132.884384,      34.210069,       0.021800,       0.024600,       0.035100,       0.053427,       0.006955,      -0.000883
     130.621765,      33.060136,       0.004800,      -0.006700,      -0.002100,       0.032078,       0.004332,      -0.000899
     140.376270,      37.023581,       1.185000,      -0.011000,      -0.146100,       1.506391,      -0.082969,      -0.419066
     133.043231,      33.545834,       0.021300,       0.030500,       0.020700,       0.044258,       0.007064,      -0.003047
     139.528628,      37.473462,       0.765600,       0.000300,      -0.006500,       1.041788,      -0.087316,      -0.065107
     136.657740,      35.901414,       0.087700,       0.030600,      -0.019800,       0.178647,       0.018445,      -0.002136
     131.735327,      34.195273,       0.017900,       0.005900,       0.023000,       0.046949,       0.005192,       0.000432
     140.942406,      42.374215,       0.059800,      -0.058400,      -0.008300,       0.135891,      -0.146460,      -0.024357
     134.122125,      33.315894,       0.026000,      -0.014400,       0.006000,       0.043796,       0.008221,      -0.006166
     138.690381,      35.649518,       0.131200,       0.026400,       0.009300,       0.275397,       0.052205,      -0.043905
     130.028956,      28.371131,      -0.055700,      -0.019600,      -0.040400,       0.009406,       0.001693,      -0.003880
     137.872331,      36.706469,       0.204900,       0.055600,       0.009400,       0.362786,       0.010243,      -0.001509
     140.146791,      35.333139,       0.068300,       0.038800,      -0.009100,       0.213842,       0.043965,      -0.100596
     140.851369,      38.411756,       2.614200,      -0.702100,      -0.163000,       2.831433,      -0.855598,      -0.493204
     134.058195,      33.877516,       0.021900,       0.010400,       0.007000,       0.053766,       0.009030,      -0.004389
     138.273068,      37.815902,       0.380300,      -0.014100,       0.031000,       0.563866,      -0.063897,       0.020470
     140.343150,      36.096936,       0.338000,       0.086700,      -0.067000,       1.034141,      -0.045381,      -0.486136
     136.996068,      37.123156,       0.180400,       0.023300,       0.007700,       0.296170,      -0.006894,       0.013846
     145.258951,      43.232105,       0.000700,       0.016000,      -0.017100,      -0.005517,       0.008746,      -0.043071
     135.164034,      35.292336,       0.060000,       0.009000,      -0.023900,       0.103442,       0.012247,      -0.000818
     131.062903,      33.121957,       0.019800,       0.036500,       0.018900,       0.033682,       0.004708,      -0.001203
     134.319640,      35.099641,       0.042600,       0.017200,      -0.028900,       0.084443,       0.009489,       0.000206
     141.872172,      44.317664,       0.011900,      -0.003400,      -0.000500,       0.030622,      -0.034852,      -0.023580
     141.160719,      38.660630,       3.221800,      -1.220300,      -0.285800,       3.235236,      -1.100377,      -0.609650
     135.708790,      33.637171,       0.041600,       0.027000,       0.006500,       0.053533,       0.011385,      -0.011466
     138.185784,      35.322075,       0.096700,       0.031600,      -0.027200,       0.184942,       0.038985,      -0.030045
     130.564645,      33.205874,       0.013400,      -0.000600,       0.025300,       0.033074,       0.004284,      -0.000611
     131.021514,      31.740314,      -0.030100,      -0.013300,      -0.007000,       0.023269,       0.004026,      -0.003091
     138.922254,      34.865589,       0.041800,       0.007400,      -0.034200,       0.129020,       0.036544,      -0.049617
     137.487230,      36.928958,       0.199900,       0.005200,       0.018700,       0.336218,       0.000215,       0.007814
     140.769184,      39.351300,       1.300200,      -0.779400,      -0.019300,       1.841467,      -0.769988,      -0.121947
     143.787257,      43.848897,       0.022000,       0.003600,      -0.028400,       0.011436,      -0.006981,      -0.038149
     142.532257,      42.890634,       0.018400,      -0.004800,      -0.009100,       0.044133,      -0.051174,      -0.047838
     139.797244,      33.119951,      -0.008300,       0.002700,      -0.015600,       0.009082,      -0.002533,      -0.042857
     134.881528,      34.349768,       0.033800,      -0.006200,      -0.018000,       0.069472,       0.011578,      -0.005159
     143.151974,      42.486411,      -0.019700,      -0.018100,      -0.058700,       0.033632,      -0.030460,      -0.066065
     135.618822,      34.621053,       0.044900,       0.019000,      -0.020200,       0.084487,       0.014528,      -0.006935
     136.342932,      34.208157,       0.042600,      -0.008700,       0.022800,       0.073662,       0.015607,      -0.013347
     136.041895,      34.710645,       0.035900,       0.019500,      -0.002100,       0.092621,       0.016574,      -0.008744
     140.250481,      42.243678,       0.075400,      -0.084700,      -0.020600,       0.169369,      -0.161695,      -0.009584
     138.563434,      35.362078,       0.080200,       0.039500,      -0.015600,       0.206812,       0.046486,      -0.040072
     132.268812,      34.575433,       0.015600,       0.009500,      -0.007000,       0.054919,       0.005610,       0.001001
     132.488774,      33.039464,       0.022700,      -0.008900,      -0.003400,       0.036337,       0.006017,      -0.003203
     130.872657,      32.995935,       0.024900,       0.018400,       0.075800,       0.032168,       0.004529,      -0.001232
     131.152395,      34.764346,       0.022700,      -0.002100,       0.019900,       0.049926,       0.003782,       0.002259
     139.025776,      35.511868,       0.121200,       0.030500,       0.002400,       0.268630,       0.061607,      -0.059626
     140.662112,      37.325468,       1.721200,      -0.149700,      -0.237300,       1.979705,      -0.124747,      -0.549833
     132.052733,      34.090060,       0.019200,       0.021900,      -0.040500,       0.047289,       0.005695,      -0.000156
     143.156531,      42.005856,       0.015200,      -0.026700,      -0.013100,       0.044942,      -0.038026,      -0.086142
     138.247467,      36.665155,       0.254400,       0.033300,       0.011600,       0.416908,       0.013490,      -0.010556
     140.690150,      36.932620,       1.425200,      -0.105800,      -0.358400,       1.544647,      -0.048624,      -0.476641
     136.339579,      35.888217,       0.080700,       0.027300,       0.005600,       0.164325,       0.016031,      -0.000382
     133.578265,      33.529150,       0.027900,       0.016100,      -0.008700,       0.045799,       0.007810,      -0.004214
     138.881650,      35.321604,       0.099100,       0.039200,      -0.021000,       0.212040,       0.052650,      -0.051276
     129.921671,      28.293980,      -0.046300,      -0.030900,      -0.081600,       0.009255,       0.001662,      -0.003814
     134.667794,      33.830241,       0.023200,       0.013000,       0.005600,       0.055364,       0.010142,      -0.006417
     139.636724,      36.087227,       0.265400,       0.102900,      -0.040000,       0.654434,       0.053443,      -0.161500
     139.477888,      37.685906,       0.767800,      -0.024300,      -0.010200,       1.055794,      -0.116122,      -0.043861
     136.755651,      36.817478,       0.156100,       0.005600,      -0.006300,       0.252700,       0.002391,       0.009870
     144.079621,      43.438836,       0.009100,       0.007700,      -0.018000,       0.008804,      -0.001844,      -0.044854
     141.575489,      39.143088,       2.789400,      -1.650300,      -0.426600,       3.930780,      -1.400991,      -0.939733
     140.843988,      38.029659,       2.637000,      -0.437700,      -0.207800,       2.989121,      -0.617924,      -0.685456
     134.234770,      35.020881,       0.028500,       0.016500,       0.002300,       0.081290,       0.009378,      -0.000028
     135.366905,      35.163787,       0.069300,       0.029200,      -0.015800,       0.102057,       0.013473,      -0.002409
     130.748620,      33.011290,       0.003700,      -0.002700,       0.002600,       0.031999,       0.004430,      -0.001091
     137.423132,      34.967480,       0.061100,       0.011200,      -0.007100,       0.127104,       0.026576,      -0.019465
     140.727723,      38.571811,       2.177900,      -0.677700,      -0.079600,       2.463687,      -0.781123,      -0.310810
     130.268719,      33.274851,       0.022300,       0.025600,       0.020400,       0.032808,       0.004032,      -0.000271
     136.929979,      35.334760,       0.080300,       0.024300,      -0.022200,       0.145403,       0.023644,      -0.010678
     131.368868,      31.676546,       0.026100,       0.004700,       0.075800,       0.023097,       0.004120,      -0.003569
     136.889166,      37.382375,       0.194000,       0.007900,      -0.010600,       0.301197,      -0.015938,       0.017997
     143.364587,      44.260854,      -0.001300,       0.004500,       0.023300,       0.014331,      -0.012313,      -0.031921
     134.393430,      34.217798,       0.020900,       0.008300,       0.002600,       0.062816,       0.010126,      -0.004113
     134.735191,      34.334330,       0.038600,       0.013700,      -0.043600,       0.068001,       0.011141,      -0.004714
     145.131435,      43.661823,      -0.002400,       0.020600,      -0.033600,      -0.001755,       0.005724,      -0.038260
     143.655538,      42.800343,       0.011900,      -0.002300,       0.004500,       0.017288,      -0.008180,      -0.058883
     134.659665,      34.864121,       0.042700,      -0.002100,      -0.013300,       0.082040,       0.010992,      -0.001898
     136.173149,      34.493872,       0.024800,       0.013200,      -0.001300,       0.084434,       0.016418,      -0.010827
     130.599594,      31.824061,       0.008300,       0.023100,      -0.018100,       0.023430,       0.003892,      -0.002550
